date,file,cultivar
2026-06-24,bilder/citrus/c-calamondin_2026-06-24_hel.jpg,Calamondin
2026-06-24,bilder/citrus/c-kaffirlime_2026-06-24_hel.jpg,Kaffirlime
2026-06-24,bilder/citrus/c-kumquat-1_2026-06-24_hel.jpg,Kumquat
2026-06-24,bilder/citrus/c-kumquat-2_2026-06-24_hel.jpg,Kumquat
2026-06-24,bilder/citrus/c-limequat_2026-06-24_hel.jpg,Limequat
2026-06-24,bilder/citrus/c-limon-1_2026-06-24_hel.jpg,Citron
2026-06-24,bilder/citrus/c-limon-2_2026-06-24_hel.jpg,Citron
2026-06-24,bilder/citrus/c-rod-fingerlime_2026-06-24_hel.jpg,Röd fingerlime
2026-08-13,bilder/citrus/c-pomelo_synk-e0f75a2974_2026-08-13_hel.jpg,Pomelo
