plant_id,date,type,file,label,day,photo_id
HIB-001,2026-08-13,blomma,bilder/hibiskusar/HIB-001_synk-6375bd895a_2026-08-13_blomma.jpg,2026-08-13 · blomma,,HPH-8650E17E98F0
HIB-001,2026-08-13,hel,bilder/hibiskusar/HIB-001_synk-da167d7f48_2026-08-13_hel.jpg,2026-08-13 · hel,,HPH-CFA6DA907BE7
HIB-001,2026-08-14,blomma,bilder/hibiskusar/HIB-001_synk-c157b46745_2026-08-14_blomma.jpg,2026-08-14 · blomma,,HPH-B2B058AC22DA
HIB-002,2026-08-13,blomma,bilder/hibiskusar/HIB-002_synk-8f3fe5a3db_2026-08-13_blomma.jpg,2026-08-13 · blomma,,HPH-FBCF9B19D30B
HIB-002,2026-08-13,hel,bilder/hibiskusar/HIB-002_synk-6700aed7df_2026-08-13_hel.jpg,2026-08-13 · hel,,HPH-0C1969F74497
PL-H01-A,2026-05-24,hel,bilder/hibiskusar/PL-H01-A_2026-05-24_hel.jpg,2026-05-24 · hel,189,HPH-684E08324FFB
PL-H01-A,2026-06-07,hel,bilder/hibiskusar/PL-H01-A_2026-06-07_hel.jpg,2026-06-07 · hel,203,HPH-B5C6DE87E9AF
PL-H01-A,2026-08-15,hel,bilder/hibiskusar/PL-H01-A_2026-08-15_hel.jpg,2026-08-15 · hel,272,HPH-C47FF7A05DCF
PL-H01-B,2026-05-24,hel,bilder/hibiskusar/PL-H01-B_2026-05-24_hel.jpg,2026-05-24 · hel,189,HPH-7A50F87CE4F2
PL-H01-B,2026-06-07,hel,bilder/hibiskusar/PL-H01-B_2026-06-07_hel.jpg,2026-06-07 · hel,203,HPH-82828D9D1B58
PL-H01-B,2026-08-15,hel,bilder/hibiskusar/PL-H01-B_2026-08-15_hel.jpg,2026-08-15 · hel,272,HPH-DD4D6125F070
PL-H01-B,2026-08-17,beskuren,bilder/hibiskusar/PL-H01-B_synk-d5cff0ca0f_2026-08-17_beskuren.jpg,2026-08-17 · beskuren,274,HPH-96527B48632B
PL-H01-B,2026-08-17,stickling,bilder/hibiskusar/PL-H01-B_synk-61c1556416_2026-08-17_stickling.jpg,2026-08-17 · stickling,274,HPH-5B1B88FC77B6
PL-H01-C,2026-05-24,hel,bilder/hibiskusar/PL-H01-C_2026-05-24_hel.jpg,2026-05-24 · hel,189,HPH-D46ED3222E1E
PL-H01-C,2026-06-07,hel,bilder/hibiskusar/PL-H01-C_2026-06-07_hel.jpg,2026-06-07 · hel,203,HPH-053B362F745D
PL-H01-C,2026-08-15,hel,bilder/hibiskusar/PL-H01-C_2026-08-15_hel.jpg,2026-08-15 · hel,272,HPH-14B5DB846707
PL-H01-C,2026-08-17,beskuren,bilder/hibiskusar/PL-H01-C_synk-b74031172b_2026-08-17_beskuren.jpg,2026-08-17 · beskuren,274,HPH-9D009BB0CEAE
PL-H01-C,2026-08-17,stickling,bilder/hibiskusar/PL-H01-C_synk-83ba3f3e0c_2026-08-17_stickling.jpg,2026-08-17 · stickling,274,HPH-E3DB3CB91301
PL-H01-D,2026-05-24,hel,bilder/hibiskusar/PL-H01-D_2026-05-24_hel.jpg,2026-05-24 · hel,189,HPH-54995AF3CF70
PL-H01-D,2026-06-07,hel,bilder/hibiskusar/PL-H01-D_2026-06-07_hel.jpg,2026-06-07 · hel,203,HPH-7964F9739EB4
PL-H01-D,2026-08-15,hel,bilder/hibiskusar/PL-H01-D_2026-08-15_hel.jpg,2026-08-15 · hel,272,HPH-BE96ED2CBD75
PL-H01-G,2026-05-24,hel,bilder/hibiskusar/PL-H01-G_2026-05-24_hel.jpg,2026-05-24 · hel,189,HPH-427754C7A045
PL-H01-G,2026-06-07,hel,bilder/hibiskusar/PL-H01-G_2026-06-07_hel.jpg,2026-06-07 · hel,203,HPH-3694B4EE0411
PL-H01-G,2026-08-15,hel,bilder/hibiskusar/PL-H01-G_2026-08-15_hel.jpg,2026-08-15 · hel,272,HPH-378D21923FC0
PL-H01-H,2026-05-24,hel,bilder/hibiskusar/PL-H01-H_2026-05-24_hel.jpg,2026-05-24 · hel,189,HPH-0BBC8254EA2D
PL-H01-H,2026-06-07,hel,bilder/hibiskusar/PL-H01-H_2026-06-07_hel.jpg,2026-06-07 · hel,203,HPH-91F79146AA4B
PL-H01-H,2026-08-15,hel,bilder/hibiskusar/PL-H01-H_2026-08-15_hel.jpg,2026-08-15 · hel,272,HPH-D3EEA6DB4872
PL-H01-H,2026-08-17,beskuren,bilder/hibiskusar/PL-H01-H_synk-26fdad341f_2026-08-17_beskuren.jpg,2026-08-17 · beskuren,274,HPH-FB2882D97D10
PL-H01-H,2026-08-17,stickling,bilder/hibiskusar/PL-H01-H_synk-b8782bb620_2026-08-17_stickling.jpg,2026-08-17 · stickling,274,HPH-A76C71FF00C9
PL-H01-I,2026-05-24,hel,bilder/hibiskusar/PL-H01-I_2026-05-24_hel.jpg,2026-05-24 · hel,189,HPH-EF919D077D73
PL-H01-I,2026-06-07,hel,bilder/hibiskusar/PL-H01-I_2026-06-07_hel.jpg,2026-06-07 · hel,203,HPH-D5D0ADBBA3D1
PL-H01-I,2026-08-15,hel,bilder/hibiskusar/PL-H01-I_2026-08-15_hel.jpg,2026-08-15 · hel,272,HPH-75DEC465690C
PL-H01-J,2026-05-24,hel,bilder/hibiskusar/PL-H01-J_2026-05-24_hel.jpg,2026-05-24 · hel,189,HPH-932BD3DF0BF1
PL-H01-J,2026-06-07,hel,bilder/hibiskusar/PL-H01-J_2026-06-07_hel.jpg,2026-06-07 · hel,203,HPH-A67B8F0B1A76
PL-H01-J,2026-08-15,hel,bilder/hibiskusar/PL-H01-J_2026-08-15_hel.jpg,2026-08-15 · hel,272,HPH-5EE74C38311F
PL-H01-K,2026-05-24,hel,bilder/hibiskusar/PL-H01-K_2026-05-24_hel.jpg,2026-05-24 · hel,189,HPH-D90DB743E71F
PL-H01-K,2026-06-07,hel,bilder/hibiskusar/PL-H01-K_2026-06-07_hel.jpg,2026-06-07 · hel,203,HPH-3975FC9CC2F5
PL-H01-K,2026-08-15,hel,bilder/hibiskusar/PL-H01-K_2026-08-15_hel.jpg,2026-08-15 · hel,272,HPH-9B31E15E5326
PL-H01-K,2026-08-17,beskuren,bilder/hibiskusar/PL-H01-K_synk-bd2cd658db_2026-08-17_beskuren.jpg,2026-08-17 · beskuren,274,HPH-D2AE6F2363EB
PL-H01-K,2026-08-17,stickling,bilder/hibiskusar/PL-H01-K_synk-48dfb49844_2026-08-17_stickling.jpg,2026-08-17 · stickling,274,HPH-F009596D7FAE
PL-H01-L,2026-05-24,hel,bilder/hibiskusar/PL-H01-L_2026-05-24_hel.jpg,2026-05-24 · hel,189,HPH-B32CC6BDBE51
PL-H01-L,2026-06-07,hel,bilder/hibiskusar/PL-H01-L_2026-06-07_hel.jpg,2026-06-07 · hel,203,HPH-B00D6C4283AF
PL-H01-L,2026-08-15,hel,bilder/hibiskusar/PL-H01-L_2026-08-15_hel.jpg,2026-08-15 · hel,272,HPH-FBB69859A466
PL-H01-M,2026-05-24,hel,bilder/hibiskusar/PL-H01-M_2026-05-24_hel.jpg,2026-05-24 · hel,189,HPH-D1E032CC078B
PL-H01-M,2026-06-07,hel,bilder/hibiskusar/PL-H01-M_2026-06-07_hel.jpg,2026-06-07 · hel,203,HPH-A91A6E61C24F
PL-H01-M,2026-08-15,hel,bilder/hibiskusar/PL-H01-M_2026-08-15_hel.jpg,2026-08-15 · hel,272,HPH-6E4829C8546A
PL-H01-N,2026-05-24,hel,bilder/hibiskusar/PL-H01-N_2026-05-24_hel.jpg,2026-05-24 · hel,189,HPH-1D6E38B8D07F
PL-H01-N,2026-06-07,hel,bilder/hibiskusar/PL-H01-N_2026-06-07_hel.jpg,2026-06-07 · hel,203,HPH-1728EC4B7854
PL-H01-N,2026-08-15,hel,bilder/hibiskusar/PL-H01-N_2026-08-15_hel.jpg,2026-08-15 · hel,272,HPH-A585B19A6C86
PL-H01-O,2026-05-24,hel,bilder/hibiskusar/PL-H01-O_2026-05-24_hel.jpg,2026-05-24 · hel,189,HPH-2E9236CCBAE2
PL-H01-O,2026-06-07,hel,bilder/hibiskusar/PL-H01-O_2026-06-07_hel.jpg,2026-06-07 · hel,203,HPH-AF2C19EAFA58
PL-H01-O,2026-08-15,hel,bilder/hibiskusar/PL-H01-O_2026-08-15_hel.jpg,2026-08-15 · hel,272,HPH-3E541073934B
PL-H01-Q,2026-05-24,hel,bilder/hibiskusar/PL-H01-Q_2026-05-24_hel.jpg,2026-05-24 · hel,189,HPH-A0AB3342F27C
PL-H01-Q,2026-06-07,hel,bilder/hibiskusar/PL-H01-Q_2026-06-07_hel.jpg,2026-06-07 · hel,203,HPH-E68DEF9D1EE9
PL-H01-Q,2026-08-15,hel,bilder/hibiskusar/PL-H01-Q_2026-08-15_hel.jpg,2026-08-15 · hel,272,HPH-4DAC67F7303F
PL-H01-R,2026-05-24,hel,bilder/hibiskusar/PL-H01-R_2026-05-24_hel.jpg,2026-05-24 · hel,189,HPH-3D55CE1D5A79
PL-H01-R,2026-06-07,hel,bilder/hibiskusar/PL-H01-R_2026-06-07_hel.jpg,2026-06-07 · hel,203,HPH-0B8FB5A8F497
PL-H01-R,2026-08-15,hel,bilder/hibiskusar/PL-H01-R_2026-08-15_hel.jpg,2026-08-15 · hel,272,HPH-737C3F409AE1
PL-H01-R,2026-08-17,beskuren,bilder/hibiskusar/PL-H01-R_synk-7cdd30efce_2026-08-17_beskuren.jpg,2026-08-17 · beskuren,274,HPH-4DFB292523AC
PL-H01-R,2026-08-17,stickling,bilder/hibiskusar/PL-H01-R_synk-e8f523ed16_2026-08-17_stickling.jpg,2026-08-17 · stickling,274,HPH-63E5A6B8BAAB
PL-H02-A-01,2026-07-26,hel,bilder/hibiskusar/PL-H02-A-01_2026-07-26_hel.jpg,2026-07-26 · hel,31,HPH-321FDDB557D0
PL-H02-A-01,2026-08-15,hel,bilder/hibiskusar/PL-H02-A-01_2026-08-15_hel.jpg,2026-08-15 · hel,51,HPH-6C9FF56F4B61
PL-H02-B-01,2026-07-08,grodd,bilder/hibiskusar/PL-H02-B-01_2026-07-08_grodd.jpg,2026-07-08 · grodd,13,HPH-3F5C829A5BCE
PL-H02-B-01,2026-07-26,hel,bilder/hibiskusar/PL-H02-B-01_2026-07-26_hel.jpg,2026-07-26 · hel,31,HPH-B2517204B56C
PL-H02-B-01,2026-08-15,hel,bilder/hibiskusar/PL-H02-B-01_2026-08-15_hel.jpg,2026-08-15 · hel,51,HPH-D150A1037794
PL-H02-C-01,2026-07-26,hel,bilder/hibiskusar/PL-H02-C-01_2026-07-26_hel.jpg,2026-07-26 · hel,31,HPH-632D36E3C4CF
PL-H02-C-01,2026-08-15,hel,bilder/hibiskusar/PL-H02-C-01_2026-08-15_hel.jpg,2026-08-15 · hel,51,HPH-3A0BA42766D2
PL-H02-C-02,2026-08-02,grodd,bilder/hibiskusar/PL-H02-C-02_2026-08-02_grodd.jpg,2026-08-02 · grodd,38,HPH-36A73FF88A3D
PL-H02-C-02,2026-08-15,hel,bilder/hibiskusar/PL-H02-C-02_2026-08-15_hel.jpg,2026-08-15 · hel,51,HPH-07C79F1D922A
PL-H02-C-03,2026-08-02,grodd,bilder/hibiskusar/PL-H02-C-03_2026-08-02_grodd.jpg,2026-08-02 · grodd,38,HPH-EC278B6DB101
PL-H02-C-03,2026-08-15,hel,bilder/hibiskusar/PL-H02-C-03_2026-08-15_hel.jpg,2026-08-15 · hel,51,HPH-93976520D1F0
PL-H02-D-01,2026-07-08,grodd,bilder/hibiskusar/PL-H02-D-01_2026-07-08_grodd.jpg,2026-07-08 · grodd,13,HPH-31FD60C92AC8
PL-H02-D-01,2026-07-26,hel,bilder/hibiskusar/PL-H02-D-01_2026-07-26_hel.jpg,2026-07-26 · hel,31,HPH-EB4FE48F366D
PL-H02-D-01,2026-08-15,hel,bilder/hibiskusar/PL-H02-D-01_2026-08-15_hel.jpg,2026-08-15 · hel,51,HPH-D87206200C62
PL-H02-D-02,2026-07-26,hel,bilder/hibiskusar/PL-H02-D-02_2026-07-26_hel.jpg,2026-07-26 · hel,31,HPH-C2ED7A94ECB9
PL-H02-D-02,2026-08-15,hel,bilder/hibiskusar/PL-H02-D-02_2026-08-15_hel.jpg,2026-08-15 · hel,51,HPH-A6555240C694
PL-H02-D-03,2026-07-26,hel,bilder/hibiskusar/PL-H02-D-03_2026-07-26_hel.jpg,2026-07-26 · hel,31,HPH-08BFC185B751
PL-H02-D-03,2026-08-15,hel,bilder/hibiskusar/PL-H02-D-03_2026-08-15_hel.jpg,2026-08-15 · hel,51,HPH-8C8D2CD4932C
